id;type;side;state;input;trade_volume_limit;trade_value_limit;created_at;updated_at;isins
1;hybrid Manager;BUY;DISABLE;Mexico Brazilian Real;74022;37589;2020-11-06T00:59:43;2020-11-06T04:36:25;solid state salmon
2;Games Down-sized;SELL;ENABLE;compress Hat;80879;49297;2020-11-06T00:21:30;2020-11-06T22:55:10;bandwidth implement
3;Fish Intranet;SELL;ENABLE;Producer;6146;18837;2020-11-06T05:18:51;2020-11-05T23:59:21;Usability Massachusetts
4;matrix;BUY;ENABLE;back up Pennsylvania JBOD;30368;17511;2020-11-06T03:19:22;2020-11-06T20:25:38;Beauty
5;Montana Unbranded;SIDE;ENABLE;Computers Fantastic Synchronised;19628;33324;2020-11-06T12:00:47;2020-11-06T03:52:18;1080p Inlet Books
6;Multi-lateral bypass Port;SELL;ENABLE;bypass Florida Berkshire;37947;91200;2020-11-06T00:42:25;2020-11-06T20:29:01;infrastructure middleware
7;Gloves Ergonomic;SIDE;ENABLE;USB;34327;92679;2020-11-06T01:15:21;2020-11-06T22:22:03;Licensed efficient Officer
8;Assurance;BUY;ENABLE;static;80338;42671;2020-11-06T22:02:46;2020-11-06T07:04:38;Iowa Lek system engine
9;online mobile;SELL;DISABLE;USB Georgia Administrator;28420;93281;2020-11-06T00:31:44;2020-11-06T13:52:47;parsing ADP Illinois
10;open architecture efficient installation;SIDE;DISABLE;next-generation Global transmitter;247;95108;2020-11-06T15:10:37;2020-11-06T23:09:22;lime
